<?xml version="1.0" encoding="UTF-8"?>
<databaseChangeLog
        xmlns="http://www.liquibase.org/xml/ns/dbchangelog"
        xmlns:xsi="http://www.w3.org/2001/XMLSchema-instance"
        xmlns:ext="http://www.liquibase.org/xml/ns/dbchangelog-ext"
        xsi:schemaLocation="http://www.liquibase.org/xml/ns/dbchangelog http://www.liquibase.org/xml/ns/dbchangelog/dbchangelog-3.1.xsd
        http://www.liquibase.org/xml/ns/dbchangelog-ext http://www.liquibase.org/xml/ns/dbchangelog/dbchangelog-ext.xsd">

    <changeSet id="1" author="ale">
        <sqlFile path="01_init.sql"
                 relativeToChangelogFile="true"
                 splitStatements="true"
                 stripComments="true"/>

        <comment>Create table </comment>
    </changeSet>
 
   <changeSet id="2" author="ale">
        <sqlFile path="02_data.sql"
                 relativeToChangelogFile="true"
                 splitStatements="true"
                 stripComments="true"/> 
        <comment>Data</comment>
    </changeSet>
 
</databaseChangeLog>

